hospital_id,medicine_id,medicine_name,current_stock,predicted_daily_demand,predicted_7_day_demand,days_until_stockout,supplier_lead_time_days,shortage_risk
H01,M01,Paracetamol,224,108.99,762.9,2.06,8,HIGH
H01,M02,Ibuprofen,0,62.28,435.99,0.0,8,HIGH
H01,M03,Amoxicillin,0,54.22,379.52,0.0,8,HIGH
H01,M04,Azithromycin,0,47.94,335.58,0.0,8,HIGH
H01,M05,Ceftriaxone,117,39.42,275.97,2.97,8,HIGH
H01,M06,Metformin,197,67.5,472.52,2.92,8,HIGH
H01,M07,Insulin,241,37.44,262.05,6.44,8,HIGH
H01,M08,Salbutamol,0,47.73,334.12,0.0,8,HIGH
H01,M09,ORS,0,85.64,599.45,0.0,8,HIGH
H01,M10,IV Fluids,0,102.96,720.71,0.0,8,HIGH
H01,M11,Omeprazole,211,56.87,398.1,3.71,8,HIGH
H01,M12,Pantoprazole,15,61.9,433.32,0.24,8,HIGH
H01,M13,Amlodipine,0,55.37,387.56,0.0,8,HIGH
H01,M14,Atorvastatin,213,43.77,306.36,4.87,8,HIGH
H01,M15,Cetirizine,0,54.59,382.1,0.0,8,HIGH
H01,M16,Dexamethasone,860,27.86,194.99,30.87,8,LOW
H01,M17,Ondansetron,783,37.42,261.95,20.92,8,LOW
H01,M18,Furosemide,141,36.69,256.84,3.84,8,HIGH
H01,M19,Adrenaline,0,21.59,151.15,0.0,8,HIGH
H01,M20,Salbutamol Inhaler,379,26.63,186.43,14.23,8,LOW
H02,M01,Paracetamol,0,172.93,1210.54,0.0,7,HIGH
H02,M02,Ibuprofen,576,78.15,547.08,7.37,7,MEDIUM
H02,M03,Amoxicillin,614,71.16,498.15,8.63,7,MEDIUM
H02,M04,Azithromycin,0,63.62,445.32,0.0,7,HIGH
H02,M05,Ceftriaxone,689,61.7,431.92,11.17,7,LOW
H02,M06,Metformin,4478,100.21,701.5,44.68,7,LOW
H02,M07,Insulin,0,46.24,323.7,0.0,7,HIGH
H02,M08,Salbutamol,0,69.09,483.63,0.0,7,HIGH
H02,M09,ORS,0,128.59,900.12,0.0,7,HIGH
H02,M10,IV Fluids,0,117.69,823.83,0.0,7,HIGH
H02,M11,Omeprazole,662,92.39,646.71,7.17,7,MEDIUM
H02,M12,Pantoprazole,613,73.64,515.51,8.32,7,MEDIUM
H02,M13,Amlodipine,0,72.6,508.2,0.0,7,HIGH
H02,M14,Atorvastatin,0,61.37,429.58,0.0,7,HIGH
H02,M15,Cetirizine,0,84.69,592.84,0.0,7,HIGH
H02,M16,Dexamethasone,531,42.2,295.37,12.58,7,LOW
H02,M17,Ondansetron,0,46.24,323.65,0.0,7,HIGH
H02,M18,Furosemide,0,53.02,371.14,0.0,7,HIGH
H02,M19,Adrenaline,16,24.65,172.55,0.65,7,HIGH
H02,M20,Salbutamol Inhaler,212,41.35,289.46,5.13,7,HIGH
H03,M01,Paracetamol,393,166.72,1167.02,2.36,4,HIGH
H03,M02,Ibuprofen,0,92.88,650.17,0.0,4,HIGH
H03,M03,Amoxicillin,42,61.94,433.55,0.68,4,HIGH
H03,M04,Azithromycin,193,49.96,349.75,3.86,4,HIGH
H03,M05,Ceftriaxone,0,53.16,372.15,0.0,4,HIGH
H03,M06,Metformin,1084,85.84,600.88,12.63,4,LOW
H03,M07,Insulin,0,39.55,276.88,0.0,4,HIGH
H03,M08,Salbutamol,0,64.36,450.53,0.0,4,HIGH
H03,M09,ORS,0,115.22,806.56,0.0,4,HIGH
H03,M10,IV Fluids,0,119.12,833.82,0.0,4,HIGH
H03,M11,Omeprazole,0,77.36,541.52,0.0,4,HIGH
H03,M12,Pantoprazole,1234,68.92,482.46,17.9,4,LOW
H03,M13,Amlodipine,184,59.67,417.68,3.08,4,HIGH
H03,M14,Atorvastatin,501,63.0,441.01,7.95,4,LOW
H03,M15,Cetirizine,1342,76.21,533.5,17.61,4,LOW
H03,M16,Dexamethasone,0,36.18,253.26,0.0,4,HIGH
H03,M17,Ondansetron,0,42.31,296.2,0.0,4,HIGH
H03,M18,Furosemide,0,43.05,301.35,0.0,4,HIGH
H03,M19,Adrenaline,180,21.87,153.07,8.23,4,LOW
H03,M20,Salbutamol Inhaler,408,32.2,225.38,12.67,4,LOW
H04,M01,Paracetamol,0,122.42,856.91,0.0,10,HIGH
H04,M02,Ibuprofen,0,67.25,470.72,0.0,10,HIGH
H04,M03,Amoxicillin,103,59.53,416.73,1.73,10,HIGH
H04,M04,Azithromycin,458,53.37,373.61,8.58,10,HIGH
H04,M05,Ceftriaxone,203,46.6,326.22,4.36,10,HIGH
H04,M06,Metformin,0,84.46,591.22,0.0,10,HIGH
H04,M07,Insulin,0,37.39,261.73,0.0,10,HIGH
H04,M08,Salbutamol,523,60.23,421.6,8.68,10,HIGH
H04,M09,ORS,116,113.48,794.39,1.02,10,HIGH
H04,M10,IV Fluids,0,99.75,698.28,0.0,10,HIGH
H04,M11,Omeprazole,0,70.99,496.95,0.0,10,HIGH
H04,M12,Pantoprazole,0,63.68,445.76,0.0,10,HIGH
H04,M13,Amlodipine,2254,54.56,381.94,41.31,10,LOW
H04,M14,Atorvastatin,0,46.33,324.3,0.0,10,HIGH
H04,M15,Cetirizine,419,54.54,381.81,7.68,10,HIGH
H04,M16,Dexamethasone,10,33.26,232.85,0.3,10,HIGH
H04,M17,Ondansetron,0,42.4,296.81,0.0,10,HIGH
H04,M18,Furosemide,793,36.35,254.43,21.82,10,LOW
H04,M19,Adrenaline,0,22.27,155.86,0.0,10,HIGH
H04,M20,Salbutamol Inhaler,0,35.46,248.2,0.0,10,HIGH
H05,M01,Paracetamol,1044,105.66,739.63,9.88,6,LOW
H05,M02,Ibuprofen,0,60.78,425.43,0.0,6,HIGH
H05,M03,Amoxicillin,0,50.72,355.06,0.0,6,HIGH
H05,M04,Azithromycin,0,42.67,298.72,0.0,6,HIGH
H05,M05,Ceftriaxone,353,48.65,340.57,7.26,6,MEDIUM
H05,M06,Metformin,686,65.96,461.75,10.4,6,LOW
H05,M07,Insulin,566,30.62,214.36,18.48,6,LOW
H05,M08,Salbutamol,485,38.76,271.34,12.51,6,LOW
H05,M09,ORS,0,74.41,520.9,0.0,6,HIGH
H05,M10,IV Fluids,1322,91.31,639.17,14.48,6,LOW
H05,M11,Omeprazole,29,51.18,358.25,0.57,6,HIGH
H05,M12,Pantoprazole,562,41.99,293.91,13.39,6,LOW
H05,M13,Amlodipine,0,42.77,299.4,0.0,6,HIGH
H05,M14,Atorvastatin,0,38.42,268.96,0.0,6,HIGH
H05,M15,Cetirizine,0,58.65,410.53,0.0,6,HIGH
H05,M16,Dexamethasone,0,28.99,202.93,0.0,6,HIGH
H05,M17,Ondansetron,0,36.74,257.17,0.0,6,HIGH
H05,M18,Furosemide,417,30.42,212.95,13.71,6,LOW
H05,M19,Adrenaline,0,17.22,120.55,0.0,6,HIGH
H05,M20,Salbutamol Inhaler,160,69.64,487.46,2.3,6,HIGH
H06,M01,Paracetamol,1154,103.96,727.69,11.1,8,MEDIUM
H06,M02,Ibuprofen,2026,88.56,619.9,22.88,8,LOW
H06,M03,Amoxicillin,186,44.33,310.32,4.2,8,HIGH
H06,M04,Azithromycin,0,34.99,244.95,0.0,8,HIGH
H06,M05,Ceftriaxone,216,38.68,270.77,5.58,8,HIGH
H06,M06,Metformin,715,56.66,396.61,12.62,8,LOW
H06,M07,Insulin,0,26.44,185.08,0.0,8,HIGH
H06,M08,Salbutamol,0,49.71,347.94,0.0,8,HIGH
H06,M09,ORS,475,77.33,541.28,6.14,8,HIGH
H06,M10,IV Fluids,47,91.46,640.22,0.51,8,HIGH
H06,M11,Omeprazole,866,55.11,385.78,15.71,8,LOW
H06,M12,Pantoprazole,139,53.83,376.78,2.58,8,HIGH
H06,M13,Amlodipine,0,45.36,317.52,0.0,8,HIGH
H06,M14,Atorvastatin,147,41.65,291.56,3.53,8,HIGH
H06,M15,Cetirizine,0,58.2,407.42,0.0,8,HIGH
H06,M16,Dexamethasone,814,26.31,184.15,30.94,8,LOW
H06,M17,Ondansetron,0,33.55,234.83,0.0,8,HIGH
H06,M18,Furosemide,113,27.06,189.42,4.18,8,HIGH
H06,M19,Adrenaline,146,16.44,115.08,8.88,8,MEDIUM
H06,M20,Salbutamol Inhaler,0,24.75,173.27,0.0,8,HIGH
H07,M01,Paracetamol,0,80.55,563.86,0.0,8,HIGH
H07,M02,Ibuprofen,587,54.75,383.22,10.72,8,MEDIUM
H07,M03,Amoxicillin,339,46.02,322.11,7.37,8,HIGH
H07,M04,Azithromycin,249,33.38,233.65,7.46,8,HIGH
H07,M05,Ceftriaxone,0,36.23,253.6,0.0,8,HIGH
H07,M06,Metformin,2666,64.55,451.88,41.3,8,LOW
H07,M07,Insulin,0,29.57,206.96,0.0,8,HIGH
H07,M08,Salbutamol,159,43.48,304.38,3.66,8,HIGH
H07,M09,ORS,0,77.84,544.91,0.0,8,HIGH
H07,M10,IV Fluids,209,81.93,573.54,2.55,8,HIGH
H07,M11,Omeprazole,0,46.62,326.36,0.0,8,HIGH
H07,M12,Pantoprazole,1035,44.3,310.09,23.36,8,LOW
H07,M13,Amlodipine,173,38.36,268.53,4.51,8,HIGH
H07,M14,Atorvastatin,470,33.09,231.61,14.2,8,LOW
H07,M15,Cetirizine,387,42.0,294.02,9.21,8,MEDIUM
H07,M16,Dexamethasone,0,24.95,174.67,0.0,8,HIGH
H07,M17,Ondansetron,0,31.71,221.95,0.0,8,HIGH
H07,M18,Furosemide,0,32.6,228.18,0.0,8,HIGH
H07,M19,Adrenaline,285,14.78,103.44,19.29,8,LOW
H07,M20,Salbutamol Inhaler,407,22.06,154.44,18.45,8,LOW
H08,M01,Paracetamol,860,144.26,1009.81,5.96,4,MEDIUM
H08,M02,Ibuprofen,1343,79.4,555.83,16.91,4,LOW
H08,M03,Amoxicillin,0,75.02,525.16,0.0,4,HIGH
H08,M04,Azithromycin,0,68.66,480.65,0.0,4,HIGH
H08,M05,Ceftriaxone,187,59.9,419.29,3.12,4,HIGH
H08,M06,Metformin,0,100.32,702.27,0.0,4,HIGH
H08,M07,Insulin,353,50.79,355.55,6.95,4,LOW
H08,M08,Salbutamol,0,57.85,404.95,0.0,4,HIGH
H08,M09,ORS,442,108.24,757.69,4.08,4,MEDIUM
H08,M10,IV Fluids,0,114.59,802.13,0.0,4,HIGH
H08,M11,Omeprazole,1168,93.07,651.49,12.55,4,LOW
H08,M12,Pantoprazole,1379,81.19,568.33,16.98,4,LOW
H08,M13,Amlodipine,0,63.33,443.32,0.0,4,HIGH
H08,M14,Atorvastatin,0,65.05,455.35,0.0,4,HIGH
H08,M15,Cetirizine,621,88.1,616.71,7.05,4,LOW
H08,M16,Dexamethasone,108,45.83,320.78,2.36,4,HIGH
H08,M17,Ondansetron,199,46.73,327.11,4.26,4,MEDIUM
H08,M18,Furosemide,904,47.09,329.62,19.2,4,LOW
H08,M19,Adrenaline,158,26.4,184.78,5.99,4,MEDIUM
H08,M20,Salbutamol Inhaler,0,34.65,242.56,0.0,4,HIGH
H09,M01,Paracetamol,0,119.66,837.6,0.0,10,HIGH
H09,M02,Ibuprofen,974,75.03,525.21,12.98,10,MEDIUM
H09,M03,Amoxicillin,269,60.37,422.58,4.46,10,HIGH
H09,M04,Azithromycin,240,45.3,317.12,5.3,10,HIGH
H09,M05,Ceftriaxone,915,43.42,303.97,21.07,10,LOW
H09,M06,Metformin,207,77.75,544.24,2.66,10,HIGH
H09,M07,Insulin,0,42.6,298.17,0.0,10,HIGH
H09,M08,Salbutamol,784,62.47,437.32,12.55,10,MEDIUM
H09,M09,ORS,0,121.81,852.64,0.0,10,HIGH
H09,M10,IV Fluids,0,107.98,755.84,0.0,10,HIGH
H09,M11,Omeprazole,68,67.0,469.02,1.01,10,HIGH
H09,M12,Pantoprazole,0,57.37,401.59,0.0,10,HIGH
H09,M13,Amlodipine,373,61.15,428.06,6.1,10,HIGH
H09,M14,Atorvastatin,254,55.47,388.29,4.58,10,HIGH
H09,M15,Cetirizine,932,61.07,427.49,15.26,10,LOW
H09,M16,Dexamethasone,347,37.88,265.15,9.16,10,HIGH
H09,M17,Ondansetron,682,38.06,266.43,17.92,10,LOW
H09,M18,Furosemide,267,42.94,300.57,6.22,10,HIGH
H09,M19,Adrenaline,0,24.86,174.05,0.0,10,HIGH
H09,M20,Salbutamol Inhaler,0,33.03,231.21,0.0,10,HIGH
H10,M01,Paracetamol,0,134.34,940.38,0.0,6,HIGH
H10,M02,Ibuprofen,343,73.15,512.05,4.69,6,HIGH
H10,M03,Amoxicillin,374,61.51,430.55,6.08,6,MEDIUM
H10,M04,Azithromycin,0,59.51,416.58,0.0,6,HIGH
H10,M05,Ceftriaxone,0,45.85,320.97,0.0,6,HIGH
H10,M06,Metformin,34,78.61,550.29,0.43,6,HIGH
H10,M07,Insulin,125,42.75,299.25,2.92,6,HIGH
H10,M08,Salbutamol,540,56.75,397.28,9.51,6,LOW
H10,M09,ORS,144,104.73,733.1,1.37,6,HIGH
H10,M10,IV Fluids,913,123.18,862.27,7.41,6,MEDIUM
H10,M11,Omeprazole,2457,82.18,575.26,29.9,6,LOW
H10,M12,Pantoprazole,0,72.91,510.35,0.0,6,HIGH
H10,M13,Amlodipine,0,53.57,374.97,0.0,6,HIGH
H10,M14,Atorvastatin,180,79.82,558.73,2.26,6,HIGH
H10,M15,Cetirizine,1351,69.9,489.31,19.33,6,LOW
H10,M16,Dexamethasone,272,35.44,248.1,7.67,6,MEDIUM
H10,M17,Ondansetron,202,42.18,295.27,4.79,6,HIGH
H10,M18,Furosemide,952,37.91,265.36,25.11,6,LOW
H10,M19,Adrenaline,68,26.89,188.24,2.53,6,HIGH
H10,M20,Salbutamol Inhaler,89,39.2,274.38,2.27,6,HIGH
