from_hospital,to_hospital,medicine_id,medicine_name,recommended_quantity,distance,priority,reason
H07,H04,M06,Metformin,1008,26.0,CRITICAL,"H04 faces CRITICAL shortage risk (0.0d supply remaining, lead time 10d). H07 holds surplus of 1354 units (expires in 52d). Transfer of 1008 units covers 12.0d demand until supplier delivery."
H06,H04,M02,Ibuprofen,756,25.5,CRITICAL,"H04 faces CRITICAL shortage risk (0.0d supply remaining, lead time 10d). H06 holds surplus of 768 units (expires in 94d). Transfer of 756 units covers 12.0d demand until supplier delivery."
H03,H02,M15,Cetirizine,747,18.0,CRITICAL,"H02 faces CRITICAL shortage risk (0.0d supply remaining, lead time 7d). H03 holds surplus of 898 units (expires in 74d). Transfer of 747 units covers 9.0d demand until supplier delivery."
H07,H08,M06,Metformin,672,25.1,CRITICAL,"H08 faces CRITICAL shortage risk (0.0d supply remaining, lead time 4d). H07 holds surplus of 2026 units (expires in 52d). Transfer of 672 units covers 6.0d demand until supplier delivery."
H04,H02,M13,Amlodipine,621,11.2,CRITICAL,"H02 faces CRITICAL shortage risk (0.0d supply remaining, lead time 7d). H04 holds surplus of 1240 units (expires in 53d). Transfer of 621 units covers 9.0d demand until supplier delivery."
H05,H02,M10,IV Fluids,570,7.1,CRITICAL,"H02 faces CRITICAL shortage risk (0.0d supply remaining, lead time 7d). H05 holds surplus of 570 units (expires in 89d). Transfer of 570 units covers 5.4d demand until supplier delivery."
H04,H01,M13,Amlodipine,530,15.8,CRITICAL,"H01 faces CRITICAL shortage risk (0.0d supply remaining, lead time 8d). H04 holds surplus of 619 units (expires in 53d). Transfer of 530 units covers 10.0d demand until supplier delivery."
H06,H03,M02,Ibuprofen,528,15.8,CRITICAL,"H03 faces CRITICAL shortage risk (0.0d supply remaining, lead time 4d). H06 holds surplus of 1296 units (expires in 94d). Transfer of 528 units covers 6.0d demand until supplier delivery."
H10,H05,M15,Cetirizine,504,15.1,CRITICAL,"H05 faces CRITICAL shortage risk (0.0d supply remaining, lead time 6d). H10 holds surplus of 762 units (expires in 120d). Transfer of 504 units covers 8.0d demand until supplier delivery."
H08,H04,M12,Pantoprazole,460,33.5,CRITICAL,"H04 faces CRITICAL shortage risk (0.0d supply remaining, lead time 10d). H08 holds surplus of 460 units (expires in 152d). Transfer of 460 units covers 7.8d demand until supplier delivery."
H08,H09,M12,Pantoprazole,451,30.4,CRITICAL,"H09 faces CRITICAL shortage risk (0.0d supply remaining, lead time 10d). H08 holds surplus of 911 units (expires in 152d). Transfer of 451 units covers 7.8d demand until supplier delivery."
H08,H02,M18,Furosemide,450,22.4,CRITICAL,"H02 faces CRITICAL shortage risk (0.0d supply remaining, lead time 7d). H08 holds surplus of 640 units (expires in 74d). Transfer of 450 units covers 9.0d demand until supplier delivery."
H10,H03,M11,Omeprazole,444,25.2,CRITICAL,"H03 faces CRITICAL shortage risk (0.0d supply remaining, lead time 4d). H10 holds surplus of 1825 units (expires in 77d). Transfer of 444 units covers 6.0d demand until supplier delivery."
H04,H08,M13,Amlodipine,402,33.5,CRITICAL,"H08 faces CRITICAL shortage risk (0.0d supply remaining, lead time 4d). H04 holds surplus of 1642 units (expires in 53d). Transfer of 402 units covers 6.0d demand until supplier delivery."
H01,H02,M17,Ondansetron,387,11.2,CRITICAL,"H02 faces CRITICAL shortage risk (0.0d supply remaining, lead time 7d). H01 holds surplus of 443 units (expires in 112d). Transfer of 387 units covers 9.0d demand until supplier delivery."
H08,H05,M02,Ibuprofen,369,15.8,CRITICAL,"H05 faces CRITICAL shortage risk (0.0d supply remaining, lead time 6d). H08 holds surplus of 839 units (expires in 177d). Transfer of 369 units covers 6.2d demand until supplier delivery."
H09,H10,M05,Ceftriaxone,336,30.2,CRITICAL,"H10 faces CRITICAL shortage risk (0.0d supply remaining, lead time 6d). H09 holds surplus of 375 units (expires in 56d). Transfer of 336 units covers 8.0d demand until supplier delivery."
H10,H07,M18,Furosemide,320,31.6,CRITICAL,"H07 faces CRITICAL shortage risk (0.0d supply remaining, lead time 8d). H10 holds surplus of 512 units (expires in 78d). Transfer of 320 units covers 10.0d demand until supplier delivery."
H09,H01,M15,Cetirizine,284,7.1,CRITICAL,"H01 faces CRITICAL shortage risk (0.0d supply remaining, lead time 8d). H09 holds surplus of 284 units (expires in 114d). Transfer of 284 units covers 5.5d demand until supplier delivery."
H07,H04,M12,Pantoprazole,248,26.0,CRITICAL,"H04 faces CRITICAL shortage risk (0.0d supply remaining, lead time 10d). H07 holds surplus of 605 units (expires in 171d). Transfer of 248 units covers 4.2d demand until supplier delivery."
H06,H07,M16,Dexamethasone,240,26.9,CRITICAL,"H07 faces CRITICAL shortage risk (0.0d supply remaining, lead time 8d). H06 holds surplus of 372 units (expires in 62d). Transfer of 240 units covers 10.0d demand until supplier delivery."
H05,H03,M07,Insulin,228,11.2,CRITICAL,"H03 faces CRITICAL shortage risk (0.0d supply remaining, lead time 4d). H05 holds surplus of 318 units (expires in 50d). Transfer of 228 units covers 6.0d demand until supplier delivery."
H05,H09,M12,Pantoprazole,226,18.0,CRITICAL,"H09 faces CRITICAL shortage risk (0.0d supply remaining, lead time 10d). H05 holds surplus of 226 units (expires in 109d). Transfer of 226 units covers 3.9d demand until supplier delivery."
H09,H04,M17,Ondansetron,214,20.0,CRITICAL,"H04 faces CRITICAL shortage risk (0.0d supply remaining, lead time 10d). H09 holds surplus of 214 units (expires in 169d). Transfer of 214 units covers 4.7d demand until supplier delivery."
H03,H04,M20,Salbutamol Inhaler,210,28.3,CRITICAL,"H04 faces CRITICAL shortage risk (0.0d supply remaining, lead time 10d). H03 holds surplus of 210 units (expires in 95d). Transfer of 210 units covers 5.8d demand until supplier delivery."
H02,H07,M05,Ceftriaxone,194,20.2,CRITICAL,"H07 faces CRITICAL shortage risk (0.0d supply remaining, lead time 8d). H02 holds surplus of 194 units (expires in 81d). Transfer of 194 units covers 5.1d demand until supplier delivery."
H06,H03,M16,Dexamethasone,192,15.8,CRITICAL,"H03 faces CRITICAL shortage risk (0.0d supply remaining, lead time 4d). H06 holds surplus of 564 units (expires in 62d). Transfer of 192 units covers 6.0d demand until supplier delivery."
H08,H03,M18,Furosemide,190,11.2,CRITICAL,"H03 faces CRITICAL shortage risk (0.0d supply remaining, lead time 4d). H08 holds surplus of 190 units (expires in 74d). Transfer of 190 units covers 3.9d demand until supplier delivery."
H05,H02,M08,Salbutamol,189,7.1,CRITICAL,"H02 faces CRITICAL shortage risk (0.0d supply remaining, lead time 7d). H05 holds surplus of 189 units (expires in 171d). Transfer of 189 units covers 3.1d demand until supplier delivery."
H07,H04,M20,Salbutamol Inhaler,187,26.0,CRITICAL,"H04 faces CRITICAL shortage risk (0.0d supply remaining, lead time 10d). H07 holds surplus of 187 units (expires in 138d). Transfer of 187 units covers 5.2d demand until supplier delivery."
H07,H08,M14,Atorvastatin,160,25.1,CRITICAL,"H08 faces CRITICAL shortage risk (0.0d supply remaining, lead time 4d). H07 holds surplus of 160 units (expires in 51d). Transfer of 160 units covers 2.4d demand until supplier delivery."
H07,H04,M19,Adrenaline,155,26.0,CRITICAL,"H04 faces CRITICAL shortage risk (0.0d supply remaining, lead time 10d). H07 holds surplus of 155 units (expires in 125d). Transfer of 155 units covers 8.6d demand until supplier delivery."
H03,H01,M15,Cetirizine,151,15.8,CRITICAL,"H01 faces CRITICAL shortage risk (0.0d supply remaining, lead time 8d). H03 holds surplus of 151 units (expires in 74d). Transfer of 151 units covers 2.9d demand until supplier delivery."
H06,H05,M16,Dexamethasone,132,11.2,CRITICAL,"H05 faces CRITICAL shortage risk (0.0d supply remaining, lead time 6d). H06 holds surplus of 132 units (expires in 62d). Transfer of 132 units covers 4.6d demand until supplier delivery."
H03,H08,M14,Atorvastatin,129,11.2,CRITICAL,"H08 faces CRITICAL shortage risk (0.0d supply remaining, lead time 4d). H03 holds surplus of 129 units (expires in 111d). Transfer of 129 units covers 2.0d demand until supplier delivery."
H05,H10,M01,Paracetamol,124,15.1,CRITICAL,"H10 faces CRITICAL shortage risk (0.0d supply remaining, lead time 6d). H05 holds surplus of 124 units (expires in 102d). Transfer of 124 units covers 1.0d demand until supplier delivery."
H10,H02,M08,Salbutamol,108,12.2,CRITICAL,"H02 faces CRITICAL shortage risk (0.0d supply remaining, lead time 7d). H10 holds surplus of 108 units (expires in 125d). Transfer of 108 units covers 1.8d demand until supplier delivery."
H10,H03,M18,Furosemide,104,25.2,CRITICAL,"H03 faces CRITICAL shortage risk (0.0d supply remaining, lead time 4d). H10 holds surplus of 616 units (expires in 78d). Transfer of 104 units covers 2.1d demand until supplier delivery."
H02,H05,M16,Dexamethasone,100,7.1,CRITICAL,"H05 faces CRITICAL shortage risk (0.0d supply remaining, lead time 6d). H02 holds surplus of 171 units (expires in 76d). Transfer of 100 units covers 3.4d demand until supplier delivery."
H01,H09,M20,Salbutamol Inhaler,94,7.1,CRITICAL,"H09 faces CRITICAL shortage risk (0.0d supply remaining, lead time 10d). H01 holds surplus of 94 units (expires in 176d). Transfer of 94 units covers 2.8d demand until supplier delivery."
H05,H02,M07,Insulin,90,7.1,CRITICAL,"H02 faces CRITICAL shortage risk (0.0d supply remaining, lead time 7d). H05 holds surplus of 90 units (expires in 50d). Transfer of 90 units covers 1.9d demand until supplier delivery."
H04,H10,M13,Amlodipine,89,17.7,CRITICAL,"H10 faces CRITICAL shortage risk (0.0d supply remaining, lead time 6d). H04 holds surplus of 89 units (expires in 53d). Transfer of 89 units covers 1.7d demand until supplier delivery."
H10,H01,M15,Cetirizine,85,23.3,CRITICAL,"H01 faces CRITICAL shortage risk (0.0d supply remaining, lead time 8d). H10 holds surplus of 847 units (expires in 120d). Transfer of 85 units covers 1.6d demand until supplier delivery."
H06,H10,M01,Paracetamol,64,12.8,CRITICAL,"H10 faces CRITICAL shortage risk (0.0d supply remaining, lead time 6d). H06 holds surplus of 64 units (expires in 76d). Transfer of 64 units covers 0.5d demand until supplier delivery."
H09,H05,M02,Ibuprofen,62,18.0,CRITICAL,"H05 faces CRITICAL shortage risk (0.0d supply remaining, lead time 6d). H09 holds surplus of 62 units (expires in 133d). Transfer of 62 units covers 1.0d demand until supplier delivery."
H01,H04,M17,Ondansetron,56,15.8,CRITICAL,"H04 faces CRITICAL shortage risk (0.0d supply remaining, lead time 10d). H01 holds surplus of 56 units (expires in 112d). Transfer of 56 units covers 1.2d demand until supplier delivery."
H09,H07,M05,Ceftriaxone,39,8.6,CRITICAL,"H07 faces CRITICAL shortage risk (0.0d supply remaining, lead time 8d). H09 holds surplus of 39 units (expires in 56d). Transfer of 39 units covers 1.0d demand until supplier delivery."
H07,H05,M02,Ibuprofen,37,17.0,CRITICAL,"H05 faces CRITICAL shortage risk (0.0d supply remaining, lead time 6d). H07 holds surplus of 37 units (expires in 152d). Transfer of 37 units covers 0.6d demand until supplier delivery."
H03,H04,M19,Adrenaline,36,28.3,CRITICAL,"H04 faces CRITICAL shortage risk (0.0d supply remaining, lead time 10d). H03 holds surplus of 36 units (expires in 58d). Transfer of 36 units covers 2.0d demand until supplier delivery."
H01,H04,M20,Salbutamol Inhaler,35,15.8,CRITICAL,"H04 faces CRITICAL shortage risk (0.0d supply remaining, lead time 10d). H01 holds surplus of 129 units (expires in 176d). Transfer of 35 units covers 1.0d demand until supplier delivery."
H08,H02,M07,Insulin,29,22.4,CRITICAL,"H02 faces CRITICAL shortage risk (0.0d supply remaining, lead time 7d). H08 holds surplus of 29 units (expires in 139d). Transfer of 29 units covers 0.6d demand until supplier delivery."
H02,H09,M12,Pantoprazole,19,18.0,CRITICAL,"H09 faces CRITICAL shortage risk (0.0d supply remaining, lead time 10d). H02 holds surplus of 19 units (expires in 103d). Transfer of 19 units covers 0.3d demand until supplier delivery."
H08,H10,M01,Paracetamol,14,23.9,CRITICAL,"H10 faces CRITICAL shortage risk (0.0d supply remaining, lead time 6d). H08 holds surplus of 14 units (expires in 58d). Transfer of 14 units covers 0.1d demand until supplier delivery."
H06,H05,M02,Ibuprofen,12,11.2,CRITICAL,"H05 faces CRITICAL shortage risk (0.0d supply remaining, lead time 6d). H06 holds surplus of 12 units (expires in 94d). Transfer of 12 units covers 0.2d demand until supplier delivery."
H02,H08,M03,Amoxicillin,11,22.4,CRITICAL,"H08 faces CRITICAL shortage risk (0.0d supply remaining, lead time 4d). H02 holds surplus of 11 units (expires in 174d). Transfer of 11 units covers 0.2d demand until supplier delivery."
H05,H07,M05,Ceftriaxone,9,17.0,CRITICAL,"H07 faces CRITICAL shortage risk (0.0d supply remaining, lead time 8d). H05 holds surplus of 9 units (expires in 150d). Transfer of 9 units covers 0.2d demand until supplier delivery."
H10,H04,M11,Omeprazole,840,17.7,HIGH,"H04 faces HIGH shortage risk (0.0d supply remaining, lead time 10d). H10 holds surplus of 1381 units (expires in 77d). Transfer of 840 units covers 12.0d demand until supplier delivery."
H03,H01,M12,Pantoprazole,567,15.8,HIGH,"H01 faces HIGH shortage risk (0.2d supply remaining, lead time 8d). H03 holds surplus of 567 units (expires in 177d). Transfer of 567 units covers 9.1d demand until supplier delivery."
H08,H01,M02,Ibuprofen,470,25.0,HIGH,"H01 faces HIGH shortage risk (0.0d supply remaining, lead time 8d). H08 holds surplus of 470 units (expires in 177d). Transfer of 470 units covers 7.3d demand until supplier delivery."
H10,H07,M11,Omeprazole,420,31.6,HIGH,"H07 faces HIGH shortage risk (0.0d supply remaining, lead time 8d). H10 holds surplus of 541 units (expires in 77d). Transfer of 420 units covers 10.0d demand until supplier delivery."
H07,H10,M12,Pantoprazole,357,31.6,HIGH,"H10 faces HIGH shortage risk (0.0d supply remaining, lead time 6d). H07 holds surplus of 357 units (expires in 171d). Transfer of 357 units covers 4.8d demand until supplier delivery."
H07,H10,M06,Metformin,346,31.6,HIGH,"H10 faces HIGH shortage risk (0.5d supply remaining, lead time 6d). H07 holds surplus of 346 units (expires in 52d). Transfer of 346 units covers 4.6d demand until supplier delivery."
H01,H04,M16,Dexamethasone,339,15.8,HIGH,"H04 faces HIGH shortage risk (0.3d supply remaining, lead time 10d). H01 holds surplus of 620 units (expires in 87d). Transfer of 339 units covers 9.7d demand until supplier delivery."
H06,H09,M11,Omeprazole,296,29.2,HIGH,"H09 faces HIGH shortage risk (1.2d supply remaining, lead time 10d). H06 holds surplus of 296 units (expires in 151d). Transfer of 296 units covers 5.1d demand until supplier delivery."
H10,H06,M15,Cetirizine,258,12.8,HIGH,"H06 faces HIGH shortage risk (0.0d supply remaining, lead time 8d). H10 holds surplus of 258 units (expires in 120d). Transfer of 258 units covers 4.4d demand until supplier delivery."
H03,H10,M12,Pantoprazole,235,25.2,HIGH,"H10 faces HIGH shortage risk (0.0d supply remaining, lead time 6d). H03 holds surplus of 802 units (expires in 177d). Transfer of 235 units covers 3.2d demand until supplier delivery."
H02,H10,M06,Metformin,220,12.2,HIGH,"H10 faces HIGH shortage risk (0.5d supply remaining, lead time 6d). H02 holds surplus of 3596 units (expires in 88d). Transfer of 220 units covers 2.9d demand until supplier delivery."
H08,H09,M11,Omeprazole,211,30.4,HIGH,"H09 faces HIGH shortage risk (1.2d supply remaining, lead time 10d). H08 holds surplus of 604 units (expires in 159d). Transfer of 211 units covers 3.6d demand until supplier delivery."
H10,H09,M11,Omeprazole,121,30.2,HIGH,"H09 faces HIGH shortage risk (1.2d supply remaining, lead time 10d). H10 holds surplus of 121 units (expires in 77d). Transfer of 121 units covers 2.1d demand until supplier delivery."
H02,H04,M16,Dexamethasone,71,11.2,HIGH,"H04 faces HIGH shortage risk (0.3d supply remaining, lead time 10d). H02 holds surplus of 71 units (expires in 76d). Transfer of 71 units covers 2.0d demand until supplier delivery."
H08,H06,M15,Cetirizine,57,11.2,HIGH,"H06 faces HIGH shortage risk (0.0d supply remaining, lead time 8d). H08 holds surplus of 57 units (expires in 160d). Transfer of 57 units covers 1.0d demand until supplier delivery."
H02,H09,M06,Metformin,669,18.0,MEDIUM,"H09 faces MEDIUM shortage risk (2.8d supply remaining, lead time 10d). H02 holds surplus of 3376 units (expires in 88d). Transfer of 669 units covers 9.2d demand until supplier delivery."
H02,H01,M06,Metformin,453,11.2,MEDIUM,"H01 faces MEDIUM shortage risk (3.0d supply remaining, lead time 8d). H02 holds surplus of 2707 units (expires in 88d). Transfer of 453 units covers 7.0d demand until supplier delivery."
H08,H05,M11,Omeprazole,371,15.8,MEDIUM,"H05 faces MEDIUM shortage risk (0.6d supply remaining, lead time 6d). H08 holds surplus of 393 units (expires in 159d). Transfer of 371 units covers 7.4d demand until supplier delivery."
H04,H09,M18,Furosemide,205,20.0,MEDIUM,"H09 faces MEDIUM shortage risk (6.1d supply remaining, lead time 10d). H04 holds surplus of 205 units (expires in 144d). Transfer of 205 units covers 4.7d demand until supplier delivery."
H10,H01,M18,Furosemide,192,23.3,MEDIUM,"H01 faces MEDIUM shortage risk (4.1d supply remaining, lead time 8d). H10 holds surplus of 192 units (expires in 78d). Transfer of 192 units covers 5.6d demand until supplier delivery."
H01,H08,M16,Dexamethasone,156,25.0,MEDIUM,"H08 faces MEDIUM shortage risk (2.5d supply remaining, lead time 4d). H01 holds surplus of 281 units (expires in 87d). Transfer of 156 units covers 3.5d demand until supplier delivery."
H04,H06,M18,Furosemide,137,25.5,MEDIUM,"H06 faces MEDIUM shortage risk (4.5d supply remaining, lead time 8d). H04 holds surplus of 342 units (expires in 144d). Transfer of 137 units covers 5.5d demand until supplier delivery."
H01,H09,M16,Dexamethasone,121,7.1,MEDIUM,"H09 faces MEDIUM shortage risk (8.9d supply remaining, lead time 10d). H01 holds surplus of 125 units (expires in 87d). Transfer of 121 units covers 3.1d demand until supplier delivery."
H05,H09,M18,Furosemide,56,18.0,MEDIUM,"H09 faces MEDIUM shortage risk (6.1d supply remaining, lead time 10d). H05 holds surplus of 185 units (expires in 150d). Transfer of 56 units covers 1.3d demand until supplier delivery."
H08,H01,M11,Omeprazole,22,25.0,MEDIUM,"H01 faces MEDIUM shortage risk (3.6d supply remaining, lead time 8d). H08 holds surplus of 22 units (expires in 159d). Transfer of 22 units covers 0.4d demand until supplier delivery."
H04,H01,M18,Furosemide,7,15.8,MEDIUM,"H01 faces MEDIUM shortage risk (4.1d supply remaining, lead time 8d). H04 holds surplus of 349 units (expires in 144d). Transfer of 7 units covers 0.2d demand until supplier delivery."
H01,H10,M16,Dexamethasone,4,23.3,LOW,"H10 faces LOW shortage risk (7.0d supply remaining, lead time 6d). H01 holds surplus of 4 units (expires in 87d). Transfer of 4 units covers 0.1d demand until supplier delivery."
